V,E,A,FB,NER,MB,RHO,SVD,MSE
10,10,-4.930264125612311e-34,4.679965137383439,0.0,0,0.0,0.0,0.0
10,10,0.07866328641819477,2.4978456100068533,0.9305555555555556,3,0.0,0.0,0.0
10,10,9.994726799445643e-16,2.4198804345889418,0.9104477611940298,5,0.0,0.0,0.0
10,10,-0.2983048267585001,2.6499340054398046,0.8157894736842105,7,0.4395375188193995,0.4395375188194208,0.0
10,10,-0.45744186479035465,1.3172147263451823,0.8,4,3.0674380814322646,3.0674380814322895,0.028985507246376812
10,10,-1.4922592316553844,1.8667945976084515,0.7321428571428571,6,1.3957543298795514,1.3957543298795656,0.011764705882352941
10,10,-0.1197216924740393,1.6321967043564731,0.6078431372549019,6,0.9795518873807367,0.979551887380687,0.031746031746031744
10,10,-0.12693421775807623,2.1858864427325804,0.6,7,1.1008597415194714,1.1008597415194714,0.028985507246376812
10,10,0.35974676667017347,2.248973154680336,0.5909090909090909,7,1.7394644363747105,1.7394644363747922,0.0
10,10,-1.0066257007566783,2.4156901334579945,0.5671641791044776,6,4.312601823390356,4.312601823390327,0.009389671361502348
10,10,0.5046572861771328,2.6358325840870607,0.5641025641025641,8,4.053886403729475,4.053886403729429,0.015748031496062992
10,10,-1.713693462081548,2.3378413186823965,0.5,7,3.979134275010715,3.979134275010665,0.027777777777777776
10,10,-1.3060411205036653,2.6289039939601357,0.2702702702702703,7,2.739144145435496,2.7391441454354393,0.013793103448275862
10,10,-0.5407612718430123,2.0630650630512304,0.40350877192982454,6,1.291992416475253,1.2919924164752068,0.009389671361502348
10,10,-0.22468387365814058,2.4332632500889297,0.3698630136986301,7,5.806234161192101,5.806234161192055,0.01809954751131222
10,10,-0.8875631785212624,2.3392338117235836,0.29577464788732394,7,4.060816595191795,4.06081659519171,0.00851063829787234
10,10,0.09662726315998146,2.24070854598213,0.15384615384615385,6,0.5366795483854787,0.5366795483855071,0.0
10,10,-0.02125760532048682,1.8481147839244128,0.1016949152542373,4,0.315409142730509,0.31540914273051257,0.014134275618374558
10,10,1.1450293464694705e-15,2.0033807534507297,0.0625,3,0.0,0.0,0.0
10,10,4.3105954890329685e-16,1.9207703423360756,0.06451612903225806,3,0.0,0.0,0.0
10,10,0.055392292938416715,2.4239171551121728,1.0,0,0.0,0.0,0.0
8,8,-1.9205597041030568e-16,1.0111866347405498,0.0,0,0.0,0.0,0.0
8,8,0.033735352292350904,1.1953807365958742,0.96875,1,0.0,0.0,0.0
8,8,0.06796294547875276,1.2328686769166761,0.875,2,0.14220299378605183,0.1422029937860536,0.02
8,8,-0.2571606685720877,1.2353679935498714,0.84375,2,1.597683992222306,1.5976839922223185,0.016666666666666666
8,8,0.37887644664536047,0.9114707568988718,0.78125,5,1.0267897929175618,1.0267897929175493,0.05263157894736842
8,8,0.14791323665965248,0.6997947641828901,0.65625,5,1.120787053955322,1.1207870539553237,0.0
8,8,0.15990555834691034,0.7133543830112374,0.53125,5,1.7755095745748672,1.775509574574837,0.022727272727272728
8,8,0.06654325096109968,0.6610777065693451,0.625,4,0.9488207379649687,0.9488207379649403,0.06818181818181818
8,8,0.5805961863965944,1.195087777881907,0.46875,5,0.9908340585211928,0.990834058521175,0.02631578947368421
8,8,0.004338945188836057,1.0937401601969896,0.53125,5,2.2743265355701734,2.2743265355701325,0.045454545454545456
8,8,-0.5026887154511442,1.2843439828047325,0.65625,5,2.895032107250797,2.8950321072507865,0.043478260869565216
8,8,0.2860801547791255,1.5653303208412641,0.4375,4,0.654410990300109,0.6544109903001232,0.05
8,8,0.26623436020016,1.2533713153858745,0.4375,5,0.9812649997230718,0.9812649997230611,0.07142857142857142
8,8,-0.5531641565069108,0.7084088680029959,0.34375,5,0.7852751345876818,0.7852751345876978,0.025
8,8,-0.2125574288980154,1.2443951442418313,0.375,4,1.384796226233286,1.3847962262332807,0.045454545454545456
8,8,-0.7283209269237964,1.1592422012360717,0.21875,4,1.142240311004496,1.1422403110044765,0.041666666666666664
8,8,0.28669642803322387,1.1627222813620606,0.1875,5,1.9870118792754905,1.9870118792754852,0.045454545454545456
8,8,-0.19496179533804442,1.0944006741504493,0.1875,4,1.287473834368118,1.2874738343681091,0.043478260869565216
8,8,0.0740332892308526,0.7086372318956293,0.09375,2,0.2868491139664471,0.28684911396642576,0.019230769230769232
8,8,0.02095466681523627,1.2185760321192889,0.0625,2,0.0,0.0,0.0
8,8,0.19173181209008647,1.3012889828920553,1.0,0,0.0,0.0,0.0
6,3,-3.120958115628782e-16,0.6227971460270415,0.0,0,0.0,0.0,0.0
6,3,-4.042267538917215e-16,0.6227971460270425,0.0,0,0.0,0.0,0.0
6,3,-8.77203319737976e-18,0.9384742030516515,0.0,0,0.0,0.0,0.0
6,3,-3.231579971571357e-16,0.6227971460270418,0.0,0,0.0,0.0,0.0
6,3,-8.060146698008921e-16,0.93847420305165,0.6428571428571429,0,0.0,0.0,0.0
6,3,-0.5615528128088303,0.9384742030516522,0.7142857142857143,2,0.8284271247461952,0.8284271247461881,0.05
6,3,-0.5589133878061413,0.6227971460270423,0.6666666666666666,2,0.5015845424164693,0.5015845424164782,0.0625
6,3,-0.3545426837240206,0.9384742030516497,0.5,2,0.37270494245793095,0.37270494245793184,0.045454545454545456
6,3,-5.435459548320072e-17,0.9384742030516513,0.5,0,0.0,0.0,0.0
6,3,3.697785493223493e-31,0.9384742030516509,0.5714285714285714,2,0.0,0.0,0.0
6,3,-1.2882696656061593e-15,1.2679491924311221,0.42857142857142855,1,0.0,0.0,0.0
6,3,-2.132313711824545e-16,0.938474203051652,0.35714285714285715,1,0.0,0.0,0.0
6,3,-0.35454268372402015,0.9384742030516509,0.35714285714285715,2,0.3727049424579345,0.37270494245793007,0.045454545454545456
6,3,-0.5615528128088295,0.9384742030516511,0.42857142857142855,2,0.8284271247461961,0.828427124746189,0.05
6,3,-9.306487513142318e-17,1.2679491924311252,0.42857142857142855,1,0.0,0.0,0.0
6,3,-1.3267990850166019e-16,1.2679491924311224,0.4166666666666667,2,2.0000000000000018,1.9999999999999982,0.16666666666666666
6,3,-6.567500946553843e-17,1.2679491924311252,0.07142857142857142,1,0.0,0.0,0.0
6,3,2.2821633879441914e-18,0.938474203051651,0.07142857142857142,1,0.0,0.0,0.0
6,3,-9.379779682761877e-16,0.9384742030516512,0.07142857142857142,1,0.0,0.0,0.0
6,3,-5.626489970296239e-16,0.9384742030516517,0.07142857142857142,1,0.0,0.0,0.0
6,3,-4.278906809201996e-16,0.9384742030516522,1.0,0,0.0,0.0,0.0
7,7,0.9999999999999996,4.9999999999999964,0.0,0,0.0,0.0,0.0
7,7,0.9999999999999996,4.999999999999998,0.0,0,0.0,0.0,0.0
7,7,0.10743369928406073,4.9999999999999964,0.9761904761904762,1,0.0,0.0,0.0
7,7,-0.14036858530799642,4.999999999999998,0.8571428571428571,4,0.41458392795401267,0.41458392795401267,0.012195121951219513
7,7,-0.21607866378320809,4.9999999999999964,0.8571428571428571,5,0.824215445745125,0.8242154457451107,0.0
7,7,0.17391764297672993,4.999999999999998,0.7380952380952381,4,0.0,0.0,0.0
7,7,0.12835822938765776,4.999999999999998,0.7857142857142857,5,0.5454526828321313,0.5454526828321455,0.014285714285714285
7,7,0.9438069745229704,4.999999999999996,0.5952380952380952,6,1.3558756848917568,1.3558756848917675,0.05
7,7,0.3594926320081244,4.999999999999999,0.47619047619047616,6,1.775234659469998,1.7752346594699784,0.07142857142857142
7,7,1.7639320225002086,4.9999999999999964,0.5952380952380952,5,2.2302514136140736,2.23025141361404,0.06
7,7,0.07174266674062857,4.9999999999999964,0.5,5,0.0,0.0,0.0
7,7,0.38870546994924554,4.9999999999999964,0.47619047619047616,5,1.598179542079631,1.5981795420796736,0.05
7,7,0.3827202552122894,4.999999999999998,0.38095238095238093,5,1.826268694520083,1.8262686945200812,0.05555555555555555
7,7,0.9999999999999996,4.999999999999997,0.40476190476190477,5,2.8911381764882513,2.891138176488255,0.04838709677419355
7,7,0.014481873846442221,4.9999999999999964,0.21428571428571427,5,1.9500845171711987,1.9500845171712093,0.0
7,7,-0.4009446432016201,4.9999999999999964,0.23809523809523808,5,1.5931708401693,1.593170840169293,0.016129032258064516
7,7,1.2153513747471965,4.9999999999999964,0.2857142857142857,6,1.9128384241039225,1.91283842410391,0.016666666666666666
7,7,0.09137644274013272,4.999999999999999,0.07142857142857142,2,0.0,0.0,0.0
7,7,-0.20949254818717414,4.999999999999999,0.16666666666666666,5,1.0055342592701777,1.0055342592701955,0.0
7,7,0.09140685541699248,4.999999999999998,0.07142857142857142,2,0.0,0.0,0.0
7,7,0.9999999999999996,4.9999999999999964,1.0,0,0.0,0.0,0.0
7,7,0.19924927977519125,0.5302880389260729,0.0,0,0.0,0.0,0.0
7,7,-3.2367836658369725e-16,0.5562967149354618,0.0,0,0.0,0.0,0.0
7,7,0.0,4.488596994089988e-16,0.9047619047619048,2,0.26611161304246345,0.2661116130424652,0.0
7,7,0.4771156921351848,0.7665790433185162,0.8571428571428571,3,1.1792837834890006,1.179283783489005,0.11764705882352941
7,7,-0.4165839527812921,0.5749357722653435,0.7619047619047619,3,0.4074353084314577,0.4074353084314435,0.0392156862745098
7,7,0.7060955141621847,0.4654245134819492,0.7142857142857143,3,0.4568937820392076,0.4568937820391934,0.046511627906976744
7,7,0.19109473904462032,0.6390480847310921,0.7619047619047619,2,0.9845884412072552,0.9845884412072632,0.03636363636363636
7,7,-0.03850761259512846,0.5777750605762179,0.7142857142857143,2,0.53229769157078,0.5322976915707969,0.0392156862745098
7,7,0.021986993072978803,0.5539355379908466,0.5714285714285714,3,1.1218436763810402,1.1218436763810553,0.07272727272727272
7,7,0.18543878881116427,0.4148076490028026,0.5714285714285714,2,0.7637403182867324,0.76374031828672,0.05454545454545454
7,7,0.09427697977397291,0.7132281533178824,0.3333333333333333,3,1.7716940554845806,1.7716940554845975,0.03636363636363636
7,7,-0.38890796852874565,0.6193336634044802,0.2857142857142857,3,0.7817254515786161,0.7817254515786161,0.0
7,7,0.12411084780989429,0.5014678628854919,0.42857142857142855,3,0.2036703905821966,0.20367039058220726,0.023255813953488372
7,7,0.35694621287253236,0.5120444765779927,0.23809523809523808,3,0.661300841860955,0.6613008418609692,0.09803921568627451
7,7,-0.338362203341949,0.5396529368742211,0.2857142857142857,3,1.1919575087015675,1.1919575087015772,0.0392156862745098
7,7,0.1760811183808197,0.4856250632873011,0.23809523809523808,3,0.8648492091509352,0.864849209150945,0.06382978723404255
7,7,0.0,0.0,0.2857142857142857,1,0.0,0.0,0.0
7,7,0.07742672508402013,0.4631080550202298,0.09523809523809523,2,0.286514006278205,0.28651400627818724,0.07272727272727272
7,7,0.058488249329431405,0.5188138099957643,0.23809523809523808,3,0.6224241937409296,0.6224241937409563,0.0392156862745098
7,7,2.0714875318303541e-16,0.5768593369995425,0.047619047619047616,1,0.6168057768269719,0.6168057768269897,0.031746031746031744
7,7,0.16061519995774112,0.5074507277183699,1.0,0,0.0,0.0,0.0
6,6,0.12014167215493864,1.4286671330473515,0.0,0,0.0,0.0,0.0
6,6,0.05141263925415001,1.2398353649080587,0.9130434782608695,2,0.0,0.0,0.0
6,6,0.09762395947097696,1.5435472600527493,0.9583333333333334,1,0.0,0.0,0.0
6,6,-0.2612776017723282,0.6112501694117971,0.85,2,0.20567191059561196,0.2056719105956173,0.0
6,6,0.021855129824013438,1.423947938261796,0.782608695652174,3,0.0,0.0,0.0
6,6,0.1855927967074337,1.3258388067165578,0.6956521739130435,4,0.29762080531963697,0.2976208053196636,0.0
6,6,-1.59452282915624e-16,1.7193306546418299,0.76,3,0.0,0.0,0.0
6,6,-0.2048707884634883,1.7639447810195372,0.48,3,1.389774234782914,1.3897742347828963,0.0
6,6,1.0536277113975454,1.4915848897089614,0.5833333333333334,3,0.8702150572272735,0.8702150572272593,0.07407407407407407
6,6,-0.8763434717992419,1.4910723219733637,0.5217391304347826,3,0.7569349859649517,0.7569349859649623,0.0
6,6,-0.33302257083126324,1.2328753476598708,0.6086956521739131,3,0.2584358262350328,0.25843582623506123,0.0
6,6,0.011955444287745297,1.3180158293764137,0.4090909090909091,3,0.0,0.0,0.0
6,6,0.41115866118218386,1.543610141558668,0.2,4,0.28355658481519086,0.28355658481518553,0.0
6,6,0.18463243005735822,1.2998472237233145,0.4583333333333333,3,0.09048687378099629,0.09048687378100517,0.0
6,6,0.3316702260785263,1.026353100883921,0.4,3,0.26458049788678295,0.26458049788679183,0.0
6,6,-0.3322012747639259,1.7567842661236452,0.28,3,0.5011787904375904,0.5011787904375744,0.0
6,6,0.034005899453181006,1.4245177348780274,0.043478260869565216,1,0.0,0.0,0.0
6,6,0.2793404738427729,1.1672023618166727,0.23809523809523808,3,1.8546400302176203,1.8546400302176176,0.0392156862745098
6,6,-3.7664481406779426e-16,1.5394951299812383,0.08333333333333333,2,0.0,0.0,0.0
6,6,0.08219578678453085,1.4141174442316162,1.0,0,0.0,0.0,0.0
6,6,1.960089270713856e-16,1.0140648474574614,1.0,0,0.0,0.0,0.0
9,5,-6.176402846113153e-16,2.5351949121711472,0.0,0,0.0,0.0,0.0
9,5,-1.1271531184107628e-15,2.8067251375271365,0.9743589743589743,1,0.0,0.0,0.0
9,5,-5.225669716146869e-16,2.781418870772347,0.8947368421052632,3,0.0,0.0,0.0
9,5,-1.1380377296221535,2.5271660910047418,0.7777777777777778,3,0.26013017649064807,0.260130176490609,0.012987012987012988
9,5,-0.5116159760338935,2.7226490542792003,0.7894736842105263,4,0.6234786136930133,0.6234786136930097,0.0136986301369863
9,5,-0.5428949304979315,1.5328880796874333,0.71875,3,0.7741722886161568,0.7741722886161675,0.014925373134328358
9,5,-0.07847672667187779,2.7537861332561575,0.5405405405405406,3,0.6519310420294353,0.6519310420294211,0.0
9,5,-0.451575024670311,2.781418870772347,0.7368421052631579,4,2.5482752087479277,2.5482752087479135,0.014492753623188406
9,5,-0.5894561493864595,1.8895551510106852,0.6578947368421053,4,0.650001356605113,0.6500013566051379,0.013157894736842105
9,5,-0.010704320630461303,2.7730961280024937,0.5641025641025641,4,2.605715580489923,2.6057155804899423,0.02877697841726619
9,5,-0.8461828998491348,2.713000749004014,0.5405405405405406,3,1.908414531184091,1.9084145311840874,0.027972027972027972
9,5,-0.9651436662771795,2.3673393634298847,0.4411764705882353,3,0.8868637722795398,0.8868637722795505,0.0136986301369863
9,5,-0.9425658446095475,1.8146546058050366,0.5882352941176471,3,0.6402663202257202,0.640266320225706,0.021739130434782608
9,5,-1.1451788874018491,1.544498818766825,0.35294117647058826,3,0.3386437883813116,0.3386437883813187,0.0
9,5,-1.085941402138206,1.7419401979698628,0.36363636363636365,4,1.0195891294924433,1.019589129492429,0.016
9,5,-1.0723764704771113,3.196521952725774,0.2631578947368421,3,1.225984941393758,1.225984941393726,0.0
9,5,-0.45819649628444414,1.7475933415621527,0.15151515151515152,3,1.085481180550346,1.0854811805503353,0.0425531914893617
9,5,-0.9544392529192841,2.5322880320577696,0.16216216216216217,2,0.7103457564293905,0.7103457564294118,0.011299435028248588
9,5,-0.770956699547709,2.7687351141495653,0.10256410256410256,3,0.11840659655183927,0.1184065965518144,0.0
9,5,-6.441832847124515e-16,2.438447187191167,0.029411764705882353,1,0.0,0.0,0.0
9,5,-1.6510404219500516e-15,1.7853873215528862,1.0,0,0.0,0.0,0.0
11,8,-1.049681677672575e-15,1.5633786352039833,0.0,0,0.0,0.0,0.0
11,8,-1.1189785285005008e-15,1.2722817653157235,0.9318181818181818,3,0.0,0.0,0.0
11,8,-0.4341780859175823,1.563706319343507,0.9148936170212766,4,0.1826468834409667,0.1826468834409738,0.00823045267489712
11,8,-0.7269501135465088,1.27197133955172,0.8085106382978723,5,0.713750377125077,0.7137503771250202,0.03428571428571429
11,8,-0.7930970291622518,1.6059536294997576,0.8409090909090909,5,0.21020853084720414,0.2102085308472006,0.010638297872340425
11,8,-0.6097462897685495,0.7434176439085217,0.6923076923076923,4,0.9358432425714369,0.9358432425714565,0.039735099337748346
11,8,-0.04674276832246788,1.4530045977196844,0.6585365853658537,5,0.5787325876893981,0.5787325876893998,0.026845637583892617
11,8,-0.7194619633862099,0.9358397863786618,0.5789473684210527,4,0.5496027074280025,0.5496027074280132,0.025974025974025976
11,8,-0.265002207334349,1.3835678792529835,0.5365853658536586,5,0.3999623293117942,0.399962329311796,0.0
11,8,-0.12951243007405683,0.9521237650882731,0.5957446808510638,4,2.0098671975518876,2.0098671975518734,0.05025125628140704
11,8,-0.39642149131124355,1.421973247454045,0.6363636363636364,4,0.9634861913065063,0.9634861913064743,0.0125
11,8,-0.28018120498882787,1.6238284299979748,0.46808510638297873,4,0.9948991895286312,0.9948991895286348,0.0546448087431694
11,8,-0.14931968221269903,1.238706262186756,0.36585365853658536,4,2.4819478765847194,2.481947876584764,0.047337278106508875
11,8,-0.4160360977506288,1.5762369397008469,0.29545454545454547,5,0.26628286170174675,0.26628286170177873,0.011363636363636364
11,8,-0.39970194348477284,0.5582717333316727,0.3333333333333333,4,1.3664380892262464,1.3664380892262447,0.04580152671755725
11,8,-1.1023687223143737e-16,1.3122773049900718,0.2631578947368421,4,0.0,0.0,0.0
11,8,-1.114416645017896e-15,1.1761742932022756,0.13157894736842105,3,0.18280321809204736,0.18280321809204736,0.02197802197802198
11,8,-1.2565178385418576,1.6187149403198224,0.18181818181818182,4,1.0534085887583657,1.0534085887583942,0.028846153846153848
11,8,-0.5663830934103233,1.6978739846945285,0.1,4,0.16570852018298865,0.1657085201829389,0.007751937984496124
11,8,-0.07336780957370921,1.2726734088226643,0.0975609756097561,3,0.10760861706561897,0.10760861706560476,0.0
11,8,0.0,5.784703961152695e-16,1.0,0,0.0,0.0,0.0
10,8,2.0144928667503824e-16,2.3468642365253993,0.0,0,0.0,0.0,0.0
10,8,-1.3925366915661421,1.7136652352786745,0.8775510204081632,4,0.35909190917165645,0.35909190917167066,0.017777777777777778
10,8,-0.7532429144977644,2.412932072735993,0.88,5,0.42548387321342673,0.42548387321342673,0.01
10,8,-0.37997444072209796,2.4416659797429,0.8703703703703703,3,0.339930707207607,0.3399307072076354,0.0
10,8,-0.20030221734200102,2.625299901025893,0.7169811320754716,6,1.7531955958944891,1.7531955958945282,0.03428571428571429
10,8,-0.6045839531254804,2.7173200043006034,0.7017543859649122,6,1.3579966722332593,1.3579966722332948,0.010471204188481676
10,8,-0.5262221560680698,1.6909561106997462,0.6181818181818182,6,2.715819827392968,2.7158198273929663,0.07100591715976332
10,8,-0.7706889246671479,1.7989383360139781,0.7735849056603774,6,1.7484855397291739,1.748485539729156,0.0
10,8,-0.5591867421936462,2.2820372912771036,0.5094339622641509,6,2.1771072887966163,2.177107288796609,0.032432432432432434
10,8,0.026070460843152888,2.9660306769358047,0.625,6,1.6803774953312924,1.6803774953312534,0.02247191011235955
10,8,-0.14636566354471994,2.6189970295718683,0.47540983606557374,6,2.7226696037010036,2.722669603701,0.030456852791878174
10,8,-1.188547203281512,2.489594322764461,0.48214285714285715,6,1.5672555533218038,1.5672555533218073,0.03409090909090909
10,8,0.34588378047129187,2.4369990860993216,0.45614035087719296,6,4.439059010777658,4.4390590107776156,0.0335195530726257
10,8,-0.3918256225992597,2.655275511780936,0.46296296296296297,6,0.6971577205993533,0.6971577205993675,0.00980392156862745
10,8,-1.241525439935321,2.8640402991770744,0.25,4,1.673735205168839,1.6737352051688887,0.0
10,8,-0.4155187850083879,2.2480683955449132,0.39215686274509803,6,1.7183251665237975,1.7183251665237975,0.022598870056497175
10,8,-2.030468762799367,3.2466357085369797,0.1864406779661017,5,1.6810643079904715,1.6810643079904182,0.0
10,8,-0.968146986830867,3.089591597655464,0.1320754716981132,5,0.587926353440615,0.587926353440615,0.008097165991902834
10,8,-0.9019567297017106,4.147111869958789,0.14516129032258066,5,0.7681172862943484,0.76811728629432,0.006535947712418301
10,8,-1.4221440696007389e-15,2.4759895442785793,0.05660377358490566,3,0.0,0.0,0.0
10,8,2.0631761848443668e-17,2.6508706864389744,1.0,0,0.0,0.0,0.0
10,7,-1.852215502210682e-16,2.079869300709995,0.0,0,0.0,0.0,0.0
10,7,-2.7476535690234587e-17,1.6549750942757482,0.9555555555555556,2,0.0,0.0,0.0
10,7,-1.5392318188166996,2.2603669034723297,0.813953488372093,5,2.284175763021768,2.2841757630217554,0.012269938650306749
10,7,-1.190450418155025,1.6860389292503692,0.7857142857142857,4,1.6447839231657895,1.6447839231658286,0.022988505747126436
10,7,-0.25057169152322645,3.442739980269737,0.6909090909090909,6,4.161857758495255,4.161857758495248,0.009478672985781991
10,7,-0.4411170841839576,1.6048710450082946,0.7435897435897436,5,1.2453014673834595,1.245301467383431,0.017094017094017096
10,7,-1.6777778331164932,2.1812088999624515,0.7111111111111111,4,2.8146436136782,2.814643613678209,0.013245033112582781
10,7,-0.3162192381395859,0.6683998303496183,0.7647058823529411,3,0.46647759343208683,0.4664775934320353,0.05357142857142857
10,7,-0.5056234985966089,0.8590041464503535,0.7096774193548387,4,0.7458560097264257,0.7458560097264062,0.018691588785046728
10,7,-0.7322854393422767,2.112162991117226,0.5,4,2.2275299068371694,2.2275299068371446,0.022727272727272728
10,7,-0.9149096106348894,1.4039828573747117,0.525,4,0.8462670055907999,0.8462670055907893,0.029850746268656716
10,7,-1.0164357435761866,1.691484672963902,0.4186046511627907,4,1.1845595078003122,1.1845595078003104,0.052980132450331126
10,7,-0.5822237481904584,2.2924106153411354e-16,0.13793103448275862,3,0.8245597734190415,0.8245597734189936,0.01904761904761905
10,7,-0.2919398027681429,1.8239976239651459,0.45652173913043476,5,0.3160929382373574,0.3160929382373894,0.012048192771084338
10,7,-0.6599607297818031,1.8283290628505648,0.24489795918367346,4,0.43925197994723675,0.43925197994722964,0.0
10,7,-0.7632687089815392,1.3298551730894697,0.21052631578947367,5,2.205023228267377,2.2050232282673985,0.06338028169014084
10,7,-0.8811125244086756,1.3928671953818954,0.19444444444444445,4,1.1167935094801305,1.1167935094800931,0.045454545454545456
10,7,-0.5180935386803045,1.6191065719223037,0.19047619047619047,4,1.3956449353078035,1.3956449353077822,0.023529411764705882
10,7,-0.23397195497722167,0.8630813582948009,0.0975609756097561,3,0.21114483347828994,0.21114483347826507,0.031088082901554404
10,7,-0.44254884669208294,2.6742179590285695,0.06382978723404255,3,0.22987630425588534,0.2298763042558427,0.0
10,7,-2.5347568267864176e-16,0.6865339538490562,1.0,0,0.0,0.0,0.0
10,5,-3.4441662984795347e-16,0.8318110130811402,0.0,0,0.0,0.0,0.0
10,5,-1.5313281798850268e-18,1.2913519340395991,0.9655172413793104,1,0.0,0.0,0.0
10,5,-0.08783158065058759,1.4999059974296227,0.90625,2,0.10075899835099733,0.10075899835098667,0.011494252873563218
10,5,-0.7009971237700112,0.66343128278035,0.7857142857142857,3,1.4824415860857076,1.482441586085697,0.07272727272727272
10,5,-0.9697212242441454,0.8218349038155088,0.7419354838709677,3,0.6450590512522876,0.6450590512522503,0.044444444444444446
10,5,-0.3023433968718403,0.0,0.8,3,0.24082948353017564,0.24082948353016498,0.0196078431372549
10,5,-0.08932195417800423,1.488168589230913,0.75,2,0.575882953473041,0.5758829534730019,0.012345679012345678
10,5,-0.5024063322309226,0.9593165556214719,0.6666666666666666,3,1.1135804919912324,1.1135804919912218,0.05
10,5,-1.0078752581950179,0.6940830151545151,0.52,2,0.4042730590575623,0.4042730590575552,0.034782608695652174
10,5,-0.9838998349033241,1.8755861585435465,0.5365853658536586,4,4.527611915286652,4.52761191528665,0.025477707006369428
10,5,-0.9939486014950851,1.4945493748964358,0.59375,3,2.376739177590295,2.3767391775902755,0.04477611940298507
10,5,-0.5456720580212122,0.8621303732623127,0.5483870967741935,3,1.336147352386039,1.3361473523860088,0.10071942446043165
10,5,-0.8997073276098123,2.5058507479063747,0.3684210526315789,4,2.750538445820043,2.750538445820041,0.03896103896103896
10,5,-1.654270290755361,1.8368900154573828,0.2972972972972973,3,1.1361828283457953,1.136182828345781,0.011428571428571429
10,5,-0.9031435151055739,2.5462880209200534,0.425,4,3.1354650924428853,3.135465092442912,0.05194805194805195
10,5,-0.7972810393487161,1.8319058170619598,0.2,3,1.1310254978000884,1.1310254978000849,0.025806451612903226
10,5,-0.6511495650053399,1.949245008979121,0.2777777777777778,3,0.8376707931931797,0.8376707931931513,0.03614457831325301
10,5,-0.6494919235164415,0.7903021533094079,0.15384615384615385,2,0.48317217036547255,0.4831721703654406,0.05357142857142857
10,5,-2.2208104377212914e-16,1.8847669082309326,0.02631578947368421,1,0.0,0.0,0.0
10,5,-8.159764857057746e-16,1.2492424819807815,0.034482758620689655,1,0.0,0.0,0.0
10,5,-6.115685285692046e-16,0.9056345804010526,1.0,0,0.0,0.0,0.0
10,7,-6.637571330420354e-17,0.9411888851469121,0.0,0,0.0,0.0,0.0
10,7,-1.3646628566450436e-15,1.3067546865758746,0.9411764705882353,2,0.0,0.0,0.0
10,7,-0.54005764035826,1.6993757616178988,0.8809523809523809,3,0.21414676927646425,0.21414676927648202,0.01020408163265306
10,7,-0.14501354443156214,1.6102895947503102,0.8947368421052632,3,0.274139046230399,0.27413904623040963,0.010526315789473684
10,7,-0.271844211013948,0.9486032083778302,0.8611111111111112,3,1.4361051901086626,1.4361051901086306,0.044444444444444446
10,7,-0.4457294847839804,0.7287125526566106,0.71875,3,0.5411087149877147,0.5411087149877059,0.05454545454545454
10,7,-8.09973208490627e-16,1.198371739859388,0.7027027027027027,3,0.3239444473290529,0.3239444473290458,0.032520325203252036
10,7,-0.7689706331188741,1.2525317211171774,0.6756756756756757,3,1.447806948775396,1.4478069487754155,0.02877697841726619
10,7,-0.13742024719779222,1.665664719550224,0.5641025641025641,5,0.6802169898932107,0.6802169898931858,0.029197080291970802
10,7,-4.0865837503453725e-18,1.0097015052459564,0.6666666666666666,3,0.4457654698516631,0.4457654698516613,0.030534351145038167
10,7,-0.7022599006868775,0.9487947457373958,0.5,3,0.33131611980525477,0.3313161198052157,0.013333333333333334
10,7,-0.6522506614103016,0.853091736768031,0.42424242424242425,3,1.4237108070890763,1.4237108070890514,0.035398230088495575
10,7,-1.0391219129133173,1.3640594437210514,0.38235294117647056,3,1.5208823822626503,1.5208823822626645,0.08208955223880597
10,7,9.741748274326946e-18,1.034833505728544,0.59375,3,0.0,0.0,0.0
10,7,-1.2108436714859978,1.8681403319740575,0.2894736842105263,4,1.0353829493740783,1.0353829493740587,0.03076923076923077
10,7,-0.8811287154874912,0.5983527710210468,0.2413793103448276,3,0.713324656266014,0.7133246562660069,0.05504587155963303
10,7,-0.167536763857637,0.9482182640021332,0.2222222222222222,4,1.381007634193482,1.3810076341934678,0.06153846153846154
10,7,-0.5842031106992454,1.5393379645696865,0.24324324324324326,4,2.340249991773984,2.340249991774,0.046511627906976744
10,7,-0.7117282429779823,1.0842285924800377,0.11428571428571428,4,0.557509827954572,0.5575098279545934,0.024539877300613498
10,7,-6.91624696325136e-17,1.2082130554953834,1.0,0,0.0,0.0,0.0
10,7,-1.969778944999131e-16,0.0,1.0,0,0.0,0.0,0.0
8,6,-6.69401052539996e-17,2.008798053981428,0.0,0,0.0,0.0,0.0
8,6,-4.1600086798764294e-32,1.8341572647603084,0.9487179487179487,2,0.0,0.0,0.0
8,6,-0.584696712577222,3.428930663638424,0.925,3,0.2043908003027255,0.20439080030271484,0.0
8,6,-0.043931121594139214,1.6045219006608822,0.9354838709677419,2,0.15947485583614807,0.15947485583611964,0.014814814814814815
8,6,-0.5677674770072718,2.049576916452272,0.7428571428571429,4,1.2222281221031466,1.2222281221031768,0.037383177570093455
8,6,-0.41302529277493855,1.803573893979842,0.8181818181818182,4,0.6935068738579897,0.6935068738580039,0.018018018018018018
8,6,7.462229971843873e-16,0.864955530745824,0.6666666666666666,4,0.956458626757847,0.9564586267578292,0.07608695652173914
8,6,-0.41050192268099706,1.1801337632500057,0.6206896551724138,4,1.4363114294698445,1.4363114294698551,0.02247191011235955
8,6,-0.721336947111786,1.420013481068005,0.5483870967741935,3,1.5983022751887344,1.598302275188729,0.020618556701030927
8,6,-0.04476172359672382,1.691389860499352,0.6129032258064516,4,0.8805508969661222,0.8805508969661187,0.041237113402061855
8,6,-7.132874734340553e-16,2.713541845376307,0.5526315789473685,4,4.618527782440651e-14,0.0,0.0
8,6,-0.09110304148243523,1.7040895215849678,0.46875,3,1.1574982289372358,1.157498228937241,0.0
8,6,-3.126804999576782e-16,1.6461797734784818,0.4838709677419355,3,0.0,0.0,0.0
8,6,-1.071243925575261,2.1185680133440448,0.4117647058823529,4,1.811881436407461,1.8118814364074503,0.037037037037037035
8,6,-0.33555508490810393,1.246139486627783,0.5357142857142857,2,0.1398393090891048,0.13983930908906572,0.03636363636363636
8,6,-1.080575154009883,2.6211905213681983,0.2972972972972973,4,1.0224075863985433,1.0224075863985824,0.014598540145985401
8,6,-0.4919108575168723,1.368774521428907,0.17857142857142858,2,0.8758644757252014,0.8758644757251624,0.017857142857142856
8,6,-5.087691805278018e-16,1.6035186454213866,0.10714285714285714,2,0.0,0.0,0.0
8,6,-3.3644192139202834e-16,0.8864561052716996,0.034482758620689655,1,0.08587464474747364,0.08587464474746298,0.014184397163120567
8,6,2.124266281713692e-16,0.9964853433978214,0.1111111111111111,2,0.0,0.0,0.0
8,6,-2.4046145760439627e-16,1.6380675313947477,1.0,0,0.0,0.0,0.0
6,4,-9.609458066048884e-17,0.8605455201968987,0.0,0,0.0,0.0,0.0
6,4,-1.7165633453879213e-16,0.9127737075622607,0.0,0,0.0,0.0,0.0
6,4,1.4081405515303731e-16,0.9127737075622632,0.9333333333333333,1,0.28125171807987037,0.2812517180798775,0.0425531914893617
6,4,-1.1184161445175993e-16,0.9143043071757183,0.8,2,0.0,0.0,0.0
6,4,1.1022048256503858e-16,0.8198599670110411,0.7333333333333333,2,0.8375133816144906,0.8375133816145004,0.046511627906976744
6,4,-1.749753430821043e-16,0.9951698087865456,0.4,2,0.0,0.0,0.0
6,4,-3.2535710066095875e-16,0.0,0.5833333333333334,2,0.0,0.0,0.0
6,4,-3.0352142171412734e-18,0.8605455201968998,0.5333333333333333,1,0.0,0.0,0.0
6,4,-4.9356863354800556e-18,0.9951698087865426,0.6666666666666666,2,1.7763568394002505e-15,0.0,0.0
6,4,-1.8652343124897497e-16,0.42358509669077893,0.6666666666666666,0,0.0,0.0,0.0
6,4,-8.971153474665359e-16,1.1980622641951606,0.6,2,0.0,0.0,0.0
6,4,-0.5615528128088305,0.9143043071757171,0.4666666666666667,2,0.6024219165963585,0.6024219165963585,0.046511627906976744
6,4,-1.4556874147176691e-15,0.9127737075622603,0.4666666666666667,1,0.0,0.0,0.0
6,4,-2.630465848552391e-16,0.9143043071757192,0.4,2,0.0,0.0,0.0
6,4,-6.99019154524976e-16,0.9127737075622622,0.26666666666666666,1,0.0,0.0,0.0
6,4,-6.492994834876481e-16,0.9127737075622624,0.4,1,0.0,0.0,0.0
6,4,-0.5552065620414567,0.9127737075622611,0.13333333333333333,1,0.47425029486646153,0.47425029486643666,0.0392156862745098
6,4,-0.2920440019880494,0.912773707562262,0.2,2,0.48065861517532227,0.4806586151753285,0.046511627906976744
6,4,-3.8529388023573707e-17,0.8605455201968996,0.06666666666666667,1,0.0,0.0,0.0
6,4,3.146931954562716e-17,0.428754449359035,1.0,0,0.0,0.0,0.0
6,4,-1.7059730398368715e-15,0.9951698087865434,1.0,0,0.0,0.0,0.0
8,8,0.05770829169516613,2.39483761220888,0.0,0,0.0,0.0,0.0
8,8,0.002006402277278112,2.4293490942821956,0.926829268292683,3,0.0,0.0,0.0
8,8,0.06167121152802872,2.7780277242358373,0.8260869565217391,5,1.2562991352873603,1.2562991352873674,0.0
8,8,0.004460724615914228,2.435009064179028,0.9024390243902439,4,0.36052731537409244,0.36052731537403204,0.0
8,8,-0.13679972969826348,3.0798256888741093,0.6938775510204082,6,0.8545292682662122,0.85452926826623,0.014814814814814815
8,8,-0.30824104291663845,2.353481134946756,0.75,5,0.9385970792422569,0.9385970792422498,0.015384615384615385
8,8,-0.6342896324660159,2.4763877613893435,0.813953488372093,4,0.6849058885367825,0.6849058885367825,0.0
8,8,-0.6079182570601788,2.012540882606391,0.6,5,1.838599348278759,1.83859934827872,0.0
8,8,0.33631965726541435,2.0296472887677224,0.65,6,0.685054986151064,0.6850549861510213,0.03773584905660377
8,8,0.48465302492371876,3.1351808479070513,0.6274509803921569,6,3.119319034068319,3.119319034068324,0.007194244604316547
8,8,0.587907625754936,1.390741035049023,0.4857142857142857,5,1.8860339579935097,1.8860339579935044,0.0707070707070707
8,8,-0.09415228557784135,2.5898498842737805,0.3111111111111111,5,1.6099797483171123,1.6099797483170804,0.014388489208633094
8,8,0.13102196888209913,2.7592569745534816,0.4186046511627907,5,0.20105913384491103,0.20105913384491103,0.014184397163120567
8,8,0.0949802847946121,0.691723870405948,0.36363636363636365,3,0.6385531086629648,0.6385531086629399,0.047619047619047616
8,8,-0.4289987337418703,2.1067116547890947,0.20512820512820512,4,0.28266885492819327,0.28266885492815064,0.0
8,8,-0.20284070986505265,2.9894276164991536,0.2708333333333333,5,1.0437036152623236,1.0437036152623094,0.012987012987012988
8,8,-0.2773420751570289,2.077388989765849,0.2,5,0.4476921581536857,0.4476921581536537,0.03278688524590164
8,8,-0.6701681224747518,2.014206306719543,0.13513513513513514,4,1.4760472990126772,1.4760472990126559,0.015748031496062992
8,8,-0.31901239630257966,2.1877622888960873,0.15384615384615385,3,0.8048647912386926,0.8048647912386606,0.0
8,8,0.10239655200300544,1.8876337642133523,0.024390243902439025,1,0.0,0.0,0.0
8,8,4.160592801655218e-18,2.1434984998320092,1.0,0,0.0,0.0,0.0
9,6,1.3618628112164718e-16,0.547889438916433,0.0,0,0.0,0.0,0.0
9,6,-2.718784603125918e-16,1.1633434220531793,0.0,0,0.0,0.0,0.0
9,6,-0.5870412956627048,2.5322325149691856,0.8780487804878049,4,0.3362249426305013,0.33622494263049774,0.0
9,6,-7.5343835729837e-16,1.2342834548832238,0.8275862068965517,3,0.0,0.0,0.0
9,6,-0.5999968715427569,2.1136465148518337,0.6756756756756757,4,0.15640239781611953,0.15640239781609466,0.0
9,6,-0.9902677697164181,1.941165141866912,0.7567567567567568,4,0.5405051790764741,0.540505179076451,0.014814814814814815
9,6,-1.2802847295669608,3.081204157053167,0.6744186046511628,4,2.9649713106102116,2.964971310610217,0.02877697841726619
9,6,-0.8856724352962528,1.9842087225800158,0.7435897435897436,4,1.4213930019095073,1.421393001909479,0.012903225806451613
9,6,-0.9425596875994675,1.4005380268756265,0.7419354838709677,4,0.9436377978945902,0.9436377978945991,0.0
9,6,-0.7096885597552399,0.8152603799829792,0.5925925925925926,4,0.18934774182917735,0.18934774182914538,0.021052631578947368
9,6,-0.6599613713198225,1.991512293216257,0.6216216216216216,3,1.2874817646954106,1.2874817646953858,0.0
9,6,-0.9941075080193582,2.401026026768486,0.47619047619047616,4,3.33040197756492,3.3304019775648968,0.0136986301369863
9,6,-0.7225081743438212,1.719184934259031,0.4,4,2.836365613489056,2.83636561348904,0.045112781954887216
9,6,-0.6401319461357854,1.920934237504329,0.3333333333333333,4,0.7239312715299597,0.7239312715299189,0.0
9,6,-0.3775016462827764,1.5742860272483112,0.21212121212121213,3,1.802793980669307,1.8027939806693016,0.056074766355140186
9,6,-1.0063285097942223,1.596190491063,0.2857142857142857,4,0.9340464488668019,0.9340464488668037,0.05309734513274336
9,6,-0.1552687574465916,1.4455302366767155,0.15151515151515152,3,0.4176893141729181,0.41768931417294297,0.027210884353741496
9,6,-2.2937467654128897e-17,1.2129109249757704,0.06896551724137931,2,0.0,0.0,0.0
9,6,-0.5406709422046349,1.4016878611566115,0.1875,2,0.4946222467502128,0.4946222467501933,0.014285714285714285
9,6,-1.971965069065819e-16,1.7132496930448622,1.0,0,0.0,0.0,0.0
9,6,-2.886325953040908e-16,1.0256714747673334,1.0,0,0.0,0.0,0.0
10,8,-2.6521734023111074e-16,1.7372974531296517,0.0,0,0.0,0.0,0.0
10,8,-0.46920759291338815,1.5467379392677556,0.95,2,0.4308270192745347,0.4308270192745134,0.011363636363636364
10,8,-0.6650675517138518,1.660054934838007,0.9166666666666666,3,0.021387425220989797,0.02138742522100401,0.0
10,8,-0.16697409803803284,1.5794103022497858,0.7619047619047619,4,0.9523967331997838,0.9523967331997873,0.022222222222222223
10,8,-0.9955167793859295,1.5598955633339977,0.8,4,0.9020662273088469,0.9020662273088504,0.03468208092485549
10,8,-0.08123354335697769,1.869619251668208,0.7857142857142857,5,0.9355625675403516,0.9355625675403427,0.04285714285714286
10,8,-0.19960046187122352,1.7524678881240385,0.6458333333333334,4,1.3115791351083246,1.3115791351083246,0.03488372093023256
10,8,-0.1246750471058266,1.4392554810139622,0.7380952380952381,4,2.022802232759659,2.022802232759659,0.030303030303030304
10,8,-0.17888413979723092,1.4420445811417866,0.55,5,1.2412175612128689,1.2412175612128813,0.03076923076923077
10,8,-0.2830205897333548,2.714781392262969,0.6346153846153846,5,3.8545286692214447,3.8545286692213843,0.030303030303030304
10,8,-1.009523581263228,2.3741273037269344,0.6037735849056604,5,2.8660283494555046,2.8660283494555046,0.009852216748768473
10,8,-0.26111201716514104,2.174674518396456,0.5416666666666666,5,3.242561337252365,3.242561337252372,0.0379746835443038
10,8,-1.142129078008041,2.0538839670970557,0.3125,6,2.208606660216706,2.208606660216736,0.02702702702702703
10,8,-0.39068246972016707,0.5656314860867911,0.35714285714285715,4,3.995321961542862,3.9953219615428583,0.034722222222222224
10,8,-0.6092009365927468,1.5035421438030705,0.20930232558139536,4,2.7124348814738397,2.7124348814738273,0.014388489208633094
10,8,-0.3863202575552202,1.64537405700504,0.1956521739130435,4,0.11147910662779026,0.11147910662780802,0.00980392156862745
10,8,-0.4791871483175533,2.611922123934583,0.16666666666666666,5,1.0854669627836664,1.0854669627837232,0.008928571428571428
10,8,-0.44668027248844,1.8715412560612976,0.20454545454545456,4,0.5396395312663458,0.5396395312663742,0.02564102564102564
10,8,-0.2725034484173369,1.5778475830706238,0.14285714285714285,3,0.15252767972142678,0.15252767972139836,0.0
10,8,-5.751725354548747e-16,1.7709124578756605,0.043478260869565216,1,0.0,0.0,0.0
10,8,7.709965706619062e-17,2.2819834215795534,1.0,0,0.0,0.0,0.0
10,7,-2.6643978816942055e-16,1.4572387800580968,0.0,0,0.0,0.0,0.0
10,7,-0.3019466187154569,1.7165929914505553,0.9024390243902439,3,0.402819334052154,0.4028193340521433,0.01015228426395939
10,7,-0.21515243470429427,0.8998346843086795,0.9714285714285714,1,0.4462392330200444,0.44623923302001955,0.04145077720207254
10,7,-0.8778323539567762,1.7188067353780183,0.75,5,1.716799214634971,1.7167992146349746,0.012658227848101266
10,7,-0.3307855197512438,1.8216450752790412,0.7045454545454546,4,1.504223469520074,1.5042234695200207,0.020618556701030927
10,7,-0.9807527403913053,1.582010010383778,0.7297297297297297,4,1.5616995989757445,1.5616995989757267,0.015037593984962405
10,7,-0.6860608435633946,0.8685568005839845,0.8,2,0.6095428786953097,0.6095428786953061,0.05454545454545454
10,7,-0.6677362837343724,0.9457825831620397,0.7142857142857143,3,0.8465775254600896,0.8465775254601411,0.03816793893129771
10,7,-0.5653590774288022,1.6265949928448578,0.5853658536585366,4,0.4604938792391948,0.4604938792391451,0.03389830508474576
10,7,-0.5096685969545155,0.946517379708628,0.5142857142857142,3,1.9707003740917948,1.9707003740918179,0.04081632653061224
10,7,-1.3286374614008116,2.1451763679728053,0.44680851063829785,5,0.9458987878699574,0.9458987878699006,0.032432432432432434
10,7,-0.35487291966880924,2.0525203604328324,0.28888888888888886,4,1.8752238133728163,1.8752238133728198,0.03550295857988166
10,7,-2.858695530933447e-16,0.9448153076783966,0.3870967741935484,2,0.0,0.0,0.0
10,7,-1.1524425838981165,1.6040943676526611,0.37209302325581395,4,2.5546535283428042,2.5546535283428042,0.03389830508474576
10,7,-0.38904337268650113,0.6852817860845538,0.3225806451612903,4,1.2253482377275127,1.2253482377274647,0.05128205128205128
10,7,-0.7656629850711089,1.5189131175888413,0.19047619047619047,4,1.6572063133356778,1.6572063133356671,0.03260869565217391
10,7,-2.098115687854286e-16,1.8210526284280102,0.11363636363636363,4,0.0,0.0,0.0
10,7,-0.6623004837352691,1.8825611147829424,0.18181818181818182,4,0.9126641646893745,0.9126641646893425,0.022988505747126436
10,7,-0.5231650975222292,1.4849598368412433,0.15,4,0.2684186899023224,0.2684186899023615,0.0
10,7,-9.495828374340361e-17,2.3642765282850604,1.0,0,0.0,0.0,0.0
10,7,-4.202190837507887e-16,1.6665328700177948,1.0,0,0.0,0.0,0.0
6,5,9.472263339684196e-17,0.8221503246899725,0.0,0,0.0,0.0,0.0
6,5,9.187717880199124e-16,1.7045929142643765,0.9545454545454546,1,0.0,0.0,0.0
6,5,4.245167940057154e-16,1.4636189522093503,0.8421052631578947,2,0.0,0.0,0.0
6,5,5.2178730461873e-17,1.6380189358715964,0.0,0,0.0,0.0,0.0
6,5,-0.17091700647982688,0.7449189023433892,0.8333333333333334,1,0.2848329078978562,0.28483290789785976,0.0
6,5,-0.25985495451618695,1.6380189358716049,0.6666666666666666,3,0.39583791446130334,0.39583791446128913,0.0425531914893617
6,5,-0.4015267991456199,1.6493378810015182,0.7727272727272727,3,0.9393774088485642,0.93937740884855,0.03333333333333333
6,5,-0.0365154021670267,0.7188975731534211,0.8125,2,0.6752176272344457,0.6752176272344519,0.05
6,5,-0.1560993340327165,1.8693843974761322,0.5,3,0.29479640008994146,0.2947964000899326,0.0
6,5,-0.22159998123178765,1.6496459255207752,0.6818181818181818,3,0.12693597974510418,0.1269359797451095,0.0
6,5,4.2704826202317093e-16,0.8372944599121336,0.5789473684210527,2,0.0,0.0,0.0
6,5,-1.5207970922165237e-16,1.9999999999999996,0.5714285714285714,3,0.0,0.0,0.0
6,5,-0.15217316986261772,1.1818675889415324,0.4444444444444444,1,0.6079796262950197,0.607979626295009,0.0
6,5,0.6625910996214246,1.6380189358716009,0.6190476190476191,3,0.8767594322256098,0.8767594322256116,0.03389830508474576
6,5,-0.3329198893758909,1.0968389909948244,0.05,1,0.27885362502784083,0.2788536250278284,0.0
6,5,0.4724198699845345,1.1234235998440885,0.23529411764705882,3,0.6919573182472245,0.6919573182472245,0.05128205128205128
6,5,-0.4349574485698916,0.9999999999999998,0.2222222222222222,3,0.6554074599713431,0.6554074599713458,0.0
6,5,-0.3840533905037823,1.7024634255173057,0.19047619047619047,3,1.0953418725177144,1.095341872517702,0.031746031746031744
6,5,-1.210908739634445e-16,0.6082343447991082,1.0,0,0.0,0.0,0.0
6,5,-5.251726407271669e-16,1.1906230392985406,0.05,1,0.0,0.0,0.0
6,5,-3.69150024094451e-17,1.2098177090304454,1.0,0,0.0,0.0,0.0
6,3,0.0,1.6972243622680074,0.0,0,0.0,0.0,0.0
6,3,-5.764690256377087e-16,1.697224362268004,0.0,0,0.0,0.0,0.0
6,3,-2.764268066447487e-32,1.6972243622680059,0.9375,1,0.0,0.0,0.0
6,3,-3.469446951953614e-16,1.6972243622680039,0.8125,2,0.0,0.0,0.0
6,3,-0.2628550379729732,1.697224362268006,0.8125,2,0.19627168258764982,0.19627168258766048,0.0
6,3,-0.23919483459246949,1.6972243622680052,0.625,2,0.9916116753534308,0.9916116753534396,0.0
6,3,-1.6704779438076223e-52,1.6972243622680052,0.0,0,0.0,0.0,0.0
6,3,-0.5615528128088303,1.697224362268006,0.75,2,0.5188166932722931,0.5188166932722957,0.0
6,3,-0.6250337736114965,1.6972243622680032,0.5,2,0.5993249737367599,0.5993249737367634,0.0
6,3,-0.49934864238906035,1.6972243622680057,0.4666666666666667,2,0.08565098939554439,0.08565098939552662,0.0
6,3,-0.2502119332978922,1.6972243622680045,0.375,2,0.29513929727841237,0.2951392972784088,0.0
6,3,-0.5615528128088303,1.697224362268006,0.4375,2,0.896549528131934,0.8965495281319233,0.0
6,3,-0.6250337736114963,1.6972243622680059,0.25,2,0.5993249737367545,0.5993249737367634,0.0
6,3,-5.316948274495864e-16,1.6972243622680052,0.4666666666666667,1,0.0,0.0,0.0
6,3,-0.6256542892428647,1.6972243622680052,0.3125,2,0.3830354134138396,0.3830354134138325,0.0
6,3,-0.5615528128088302,1.6972243622680074,0.3125,2,0.5188166932723055,0.5188166932722957,0.0
6,3,-0.6253284667264942,1.697224362268005,0.3333333333333333,2,0.19707761480995067,0.19707761480995156,0.0
6,3,-6.333335992638243e-16,1.6972243622680072,1.0,0,0.0,0.0,0.0
6,3,-0.6250337736114968,1.6972243622680043,0.3125,2,0.5993249737367634,0.5993249737367634,0.0
6,3,-1.8431436932253575e-18,1.697224362268004,1.0,0,0.0,0.0,0.0
6,3,-1.137617591151906e-16,1.6972243622680034,1.0,0,0.0,0.0,0.0
9,8,1.2593595286091277e-15,1.6823121770221066,0.0,0,0.0,0.0,0.0
9,8,7.68992194111878e-17,2.3371882017965357,0.9574468085106383,2,0.0,0.0,0.0
9,8,-7.571023647493152e-17,1.2839721401106934,0.975,1,0.0,0.0,0.0
9,8,-1.08128997816003,2.0508530512842786,0.7659574468085106,4,1.329905000711662,1.3299050007116229,0.0
9,8,-0.3489516870622161,1.8656670986674055,0.8604651162790697,4,0.7254012021945684,0.7254012021945542,0.022857142857142857
9,8,-0.3527132263007278,0.6956677064400487,0.825,4,1.6611838091975102,1.6611838091975173,0.02142857142857143
9,8,-0.7224496246824553,0.7397430531827767,0.4838709677419355,4,1.2969324127682853,1.2969324127682338,0.04040404040404041
9,8,0.19585960317432655,1.8631877608532799,0.6511627906976745,5,0.9428318600184653,0.9428318600184493,0.015267175572519083
9,8,-0.3101202116051954,1.5236583441136642,0.5853658536585366,5,1.398976609874154,1.3989766098741416,0.016260162601626018
9,8,-0.08163275502898927,2.2079065577175254,0.4888888888888889,5,1.0034991265174664,1.0034991265174593,0.03007518796992481
9,8,-0.221319094695297,2.055593941977811,0.5116279069767442,4,2.7655917392969833,2.7655917392969815,0.020689655172413793
9,8,1.77087932509842e-16,2.2749473583828905,0.36,6,2.0658315257209576,2.065831525720947,0.0
9,8,-0.44967302199468284,2.9543546765179625,0.38,6,2.6812443558635515,2.681244355863548,0.012048192771084338
9,8,-0.3467563436081758,1.9050688120435544,0.3023255813953488,5,0.6958810249344971,0.6958810249344847,0.015267175572519083
9,8,0.04160256086319603,2.1105791563083085,0.38636363636363635,5,0.6824387452375191,0.6824387452375227,0.0
9,8,-0.5283838666249282,1.472487670206494,0.20512820512820512,5,0.48861554661471907,0.4886155466146853,0.017699115044247787
9,8,-0.4313806238410439,1.8785239852430233,0.23404255319148937,5,0.7004249379404897,0.7004249379405074,0.03428571428571429
9,8,-0.49973788451539825,1.5589402678541706,0.2619047619047619,5,2.434643841604199,2.4346438416041494,0.02531645569620253
9,8,3.399790701323238e-17,2.142827021365564,0.0392156862745098,2,0.0,0.0,0.0
9,8,7.580035081371227e-16,1.2208678116763179,1.0,0,0.0,0.0,0.0
9,8,3.3216468705256165e-16,3.1095381091092786,1.0,0,0.0,0.0,0.0
11,10,-5.108443570639025e-16,3.2172092917992874,0.0,0,0.0,0.0,0.0
11,10,-8.318954856395598e-17,4.328209550302582,0.9880952380952381,1,0.0,0.0,0.0
11,10,-0.0921122684885199,4.462441886498558,0.8571428571428571,7,0.3613503132252518,0.3613503132252802,0.0045871559633027525
11,10,-0.12472838125050864,3.762728842837192,0.881578947368421,6,0.32597796679224444,0.32597796679225155,0.0
11,10,-0.5897805196562385,3.716521282568229,0.8552631578947368,6,0.8277492770783965,0.827749277078432,0.0
11,10,-0.9799303782002535,3.0996853767358488,0.6944444444444444,8,3.2766537270015803,3.2766537270016087,0.008064516129032258
11,10,-1.1843440232569271,3.7877153363284393,0.6710526315789473,7,4.763733769982494,4.763733769982519,0.022727272727272728
11,10,-0.47348908079141777,3.148600314901058,0.6527777777777778,6,5.462990536198564,5.462990536198525,0.015384615384615385
11,10,-2.002173538142203,3.1510993827629044,0.7361111111111112,8,2.2533692105579917,2.2533692105579455,0.015625
11,10,-0.24356835859768297,2.753981219460658,0.5277777777777778,8,4.437926200631754,4.437926200631708,0.034482758620689655
11,10,-0.6079103439919363,3.6534330180117243,0.4125,8,4.3805039106152215,4.380503910615264,0.029411764705882353
11,10,-0.9548605920839038,4.436387064154044,0.32142857142857145,8,4.5627764533697786,4.5627764533697395,0.014705882352941176
11,10,-0.9011040857737972,3.6913510168114154,0.4473684210526316,8,3.9426260592287967,3.9426260592287825,0.02459016393442623
11,10,-1.3312075206100142,3.1853826251392996,0.3235294117647059,7,2.0392580813445313,2.039258081344485,0.015873015873015872
11,10,0.02834038568582488,3.3753755532533063,0.2647058823529412,8,2.839805129050191,2.8398051290501733,0.03278688524590164
11,10,-1.197305081218919,3.8540269231801663,0.2125,8,2.4512106510462424,2.4512106510462424,0.006172839506172839
11,10,-0.23177882171175046,4.2548581825818195,0.175,7,0.35003927566076243,0.3500392756607553,0.00641025641025641
11,10,1.6077951637215218e-15,3.9007585216870555,0.09210526315789473,6,0.0,0.0,0.0
11,10,-7.656969170843654e-16,3.276978556096177,0.08333333333333333,5,0.0,0.0,0.0
11,10,4.0084195348063e-16,3.275375242641836,0.041666666666666664,2,0.0,0.0,0.0
11,10,6.16145137109691e-16,3.0545720480533247,1.0,0,0.0,0.0,0.0
11,6,-8.218427037538329e-16,1.6376477846172028,0.0,0,0.0,0.0,0.0
11,6,-0.6307725276812159,1.2929006659461575,0.975609756097561,1,0.048020072445531525,0.048020072445503104,0.006920415224913495
11,6,-3.8074139099372093e-16,2.2485067264074368,0.9803921568627451,1,0.0,0.0,0.0
11,6,-1.1577706922640167e-15,1.892875704560607,0.9387755102040817,3,0.0,0.0,0.0
11,6,-1.1974673851132904,1.831111688955391,0.8,3,1.6733324833483643,1.6733324833484033,0.008733624454148471
11,6,-0.7704784476479026,2.8146128797972336,0.75,5,1.5532206680580884,1.5532206680581027,0.032520325203252036
11,6,-0.743610371381573,0.9421788744748161,0.625,3,1.9017080231333594,1.901708023133363,0.05813953488372093
11,6,-0.8187052708683542,1.8462810666411926,0.7083333333333334,4,2.2228133859185775,2.222813385918574,0.0297029702970297
11,6,-0.7687253340259135,1.889763229557676,0.6037735849056604,5,3.9344974279914684,3.9344974279914666,0.04020100502512563
11,6,-0.5122816944574328,0.572973733119754,0.48148148148148145,2,0.5396870523441173,0.539687052344096,0.10256410256410256
11,6,-0.6721717570169913,1.8593341173964082,0.5434782608695652,5,1.7261400616329041,1.726140061632874,0.022727272727272728
11,6,-1.0035876529202465,2.3847410615091396,0.4375,4,1.8793880734394506,1.8793880734394364,0.018518518518518517
11,6,-1.4865738216389612,2.0037636488790205,0.35555555555555557,4,3.3135279963096096,3.3135279963096185,0.03940886699507389
11,6,-1.0481958215993405,3.0373855700366086,0.3333333333333333,4,2.5288627562660295,2.5288627562659904,0.0365296803652968
11,6,-2.041230022216239,2.1369369765977058,0.30612244897959184,4,3.010141651067322,3.010141651067304,0.028985507246376812
11,6,-0.6976546342536291,0.9082120398243297,0.32432432432432434,3,1.5979782869747687,1.5979782869748025,0.07643312101910828
11,6,-0.4386675284450232,1.8448978174609902,0.11904761904761904,4,0.1503029215519085,0.15030292155190494,0.0
11,6,-0.7272500716845668,0.6409615004134708,0.2903225806451613,3,0.8817960734934207,0.881796073493387,0.05128205128205128
11,6,-1.2285990181599643e-15,1.756982115104814,0.1,2,0.0,0.0,0.0
11,6,-6.123617172034046e-17,0.845773256405328,0.06666666666666667,2,0.0,0.0,0.0
11,6,-1.6249586164239747e-16,1.4728397954814028,1.0,0,0.0,0.0,0.0
8,7,4.887152992138805e-17,0.6373559790895881,0.0,0,0.0,0.0,0.0
8,7,-8.498777841727456e-17,1.2927377761246095,0.0,0,0.0,0.0,0.0
8,7,-0.03893708653590951,0.5066153985139685,0.7916666666666666,2,0.5764772986438018,0.5764772986438231,0.05555555555555555
8,7,-2.8389576755279497e-16,1.1451313131108087,0.7407407407407407,3,0.7124600555449696,0.7124600555449465,0.0449438202247191
8,7,-1.3521610785120385e-16,0.6330904829597431,0.7916666666666666,3,0.793489333321018,0.7934893333210127,0.058823529411764705
8,7,-0.07527789613459211,1.3342427985710779,0.7333333333333333,4,0.28939375519837185,0.289393755198347,0.02127659574468085
8,7,4.8033515764954164e-17,1.4552131683962803,0.6333333333333333,3,0.0,0.0,0.0
8,7,-0.1438746343862885,1.309967395227285,0.7586206896551724,3,0.346402655787724,0.34640265578771867,0.02912621359223301
8,7,-0.4949643951402974,0.9267438069841679,0.5862068965517241,4,0.49804921806168423,0.49804921806167357,0.042105263157894736
8,7,-0.6378997983698432,1.4106196861245794,0.5666666666666667,3,0.4426540650028574,0.4426540650028432,0.0196078431372549
8,7,0.22672953164032839,1.4413706464077647,0.4666666666666667,3,0.391999307444447,0.39199930744445943,0.05128205128205128
8,7,0.15515257791667134,0.9229755536890675,0.5172413793103449,4,0.2682355144515469,0.2682355144515629,0.022988505747126436
8,7,-0.14533791994709186,1.0338974857622125,0.3793103448275862,2,1.290436186039301,1.2904361860392886,0.0
8,7,-0.43556471813940517,1.256586910503018,0.32142857142857145,2,0.9865100011454224,0.9865100011454295,0.043478260869565216
8,7,-1.5614346308345154e-16,1.373639542999705,0.23333333333333334,4,0.0,0.0,0.0
8,7,-0.3388467051654908,0.9738977305151781,0.44,4,0.7074345200537984,0.7074345200537824,0.05970149253731343
8,7,-3.9479270120700043e-16,1.0158850874675571,0.14814814814814814,2,0.0,0.0,0.0
8,7,-5.048445345068594e-17,0.9435520464131966,0.03571428571428571,1,0.0,0.0,0.0
8,7,-0.145269663147462,0.0,0.16666666666666666,3,0.5627630420659351,0.5627630420659369,0.03571428571428571
8,7,-9.486204245351203e-16,1.3824201650807362,0.06666666666666667,1,0.0,0.0,0.0
8,7,-7.197888534288771e-16,1.412138870267379,1.0,0,0.0,0.0,0.0
8,6,-5.692825411701383e-16,2.1669692273607986,0.0,0,0.0,0.0,0.0
8,6,-1.648033264358702e-15,3.579998059532966,0.9285714285714286,3,0.0,0.0,0.0
8,6,-0.1944253729238742,2.603687806269786,0.8157894736842105,4,0.14367545612099875,0.14367545612098453,0.0
8,6,-0.39590940260794844,0.9335223854127115,0.8214285714285714,3,0.1863395799784655,0.18633957997846906,0.017241379310344827
8,6,-2.7279281311227126e-16,0.8333462090668802,0.84,3,0.894982118387853,0.8949821183878512,0.07407407407407407
8,6,-0.5220507548706432,1.3394618196756214,0.7586206896551724,3,0.5114171264519864,0.5114171264520095,0.018691588785046728
8,6,-0.38429739297210525,1.7703466922806976,0.7419354838709677,4,0.6597485664403244,0.6597485664403244,0.020202020202020204
8,6,-0.25221991768399377,1.086074106586893,0.76,2,0.5094355011453278,0.5094355011453402,0.0
8,6,-0.6308759914859536,1.9763976592303352,0.5625,3,0.4103243126685143,0.41032431266852853,0.01818181818181818
8,6,-0.6732099892132224,1.7987827192424664,0.59375,3,0.9933334804825478,0.9933334804825389,0.0
8,6,-0.2767940963322317,1.7692384360573106,0.3870967741935484,4,1.3768989957121018,1.3768989957121054,0.04819277108433735
8,6,0.1093955310429825,2.3995323819660634,0.3611111111111111,4,2.2659019413905526,2.2659019413905312,0.01639344262295082
8,6,-3.618989217322579e-16,0.9296852811474212,0.3076923076923077,4,0.0,0.0,0.0
8,6,-0.24005369626890244,1.7257635412997239,0.29411764705882354,3,1.3076748772167477,1.3076748772167033,0.018867924528301886
8,6,-0.36817931673885534,0.8873819664478854,0.24,2,0.8197611752544436,0.8197611752544454,0.06741573033707865
8,6,-0.14684160960512294,1.5135369971292263,0.27586206896551724,2,0.7075342384515295,0.7075342384515189,0.0
8,6,-0.8706202719912133,1.4002924156258254,0.1724137931034483,3,0.3509376575043124,0.35093765750429107,0.019801980198019802
8,6,-0.59710260409578,0.6770051006359908,0.09090909090909091,1,0.13933351293135843,0.1393335129313531,0.022222222222222223
8,6,-0.028868751948730256,0.9359271628561796,0.25806451612903225,4,0.4147130970801811,0.414713097080158,0.017391304347826087
8,6,-1.4598466790722366e-16,1.7866476301464975,0.029411764705882353,1,0.0,0.0,0.0
8,6,-4.087989420377045e-17,1.677341505475022,1.0,0,0.0,0.0,0.0
8,7,1.5902246254528579e-16,2.3569956734459803,0.0,0,0.0,0.0,0.0
8,7,9.865208368394638e-16,2.3913077369571187,0.9512195121951219,2,0.0,0.0,0.0
8,7,-0.27387512102392886,2.5962062739553295,0.9534883720930233,2,0.15076903057099855,0.15076903057099855,0.0
8,7,-0.2925230231523699,2.829620106945851,0.7317073170731707,5,1.080618502287308,1.080618502287301,0.031496062992125984
8,7,-0.35433612010895044,2.908371425759045,0.7560975609756098,5,1.3531350151293289,1.3531350151293111,0.014814814814814815
8,7,-0.28980332155988847,2.8735331270781095,0.717948717948718,4,0.2969713042469344,0.2969713042469273,0.015748031496062992
8,7,-0.6797336033918002,3.0501684857803304,0.8095238095238095,4,0.5897416492477987,0.5897416492478129,0.0
8,7,-0.00016183021983371925,2.5076889168020107,0.575,5,1.019216175708344,1.019216175708337,0.017241379310344827
8,7,-0.006919255434355334,2.9444763336654987,0.55,5,1.0462541944541552,1.0462541944541695,0.017241379310344827
8,7,0.6970939497989149,2.911062550089303,0.5609756097560976,4,2.1991197884467333,2.199119788446758,0.0
8,7,0.3066213913040692,2.1733404694669014,0.5128205128205128,4,2.717472877031927,2.7174728770319145,0.016
8,7,-0.6123902301374542,2.747571621618415,0.30952380952380953,4,1.0383455812481515,1.0383455812481408,0.014925373134328358
8,7,-0.6248166594959954,1.6565819082526974,0.4473684210526316,5,1.3428745572537082,1.3428745572537029,0.015873015873015872
8,7,-0.4842158977705314,1.6175762027244067,0.39473684210526316,5,1.9039810453350725,1.903981045335076,0.018518518518518517
8,7,-0.01782663613961204,2.817381359905565,0.38095238095238093,5,1.3022837310946969,1.302283731094704,0.0
8,7,-0.34226928841819815,2.4616351054695738,0.4,5,0.329515250810104,0.329515250810136,0.0
8,7,0.23817974398225567,0.8635361270219398,0.16666666666666666,4,1.3860885703874555,1.3860885703874377,0.01639344262295082
8,7,-0.5937425676338697,2.4506522011387823,0.14285714285714285,4,0.47199116679127684,0.47199116679124486,0.0
8,7,1.2112029049036942e-15,2.4167134608575997,1.0,0,0.0,0.0,0.0
8,7,1.1283359454576518e-15,2.4650622288119504,0.04878048780487805,2,0.0,0.0,0.0
8,7,6.650001104924176e-16,2.313739189926303,1.0,0,0.0,0.0,0.0
9,7,-3.469446951953614e-17,2.377358106268524,0.0,0,0.0,0.0,0.0
9,7,-7.279795802102361e-16,1.6798059058751,0.9523809523809523,2,0.0,0.0,0.0
9,7,-0.30363990548446756,1.602223114091215,0.9285714285714286,2,0.1504776100084655,0.15047761000843352,0.0
9,7,-1.0797867413531776,2.268107232270107,0.7142857142857143,5,2.329694906416943,2.3296949064169272,0.0
9,7,-0.8795848642865437,2.1816152500884014,0.7380952380952381,5,2.4654250630077907,2.4654250630077854,0.030303030303030304
9,7,-1.0634353186845569,2.382675664594405,0.7380952380952381,5,1.6787002171571768,1.6787002171571714,0.03225806451612903
9,7,-0.12229540905594481,1.6600054055308897,0.6666666666666666,5,0.3348326767572125,0.3348326767572338,0.029411764705882353
9,7,-0.32616539649475806,2.1164689978078965,0.6428571428571429,5,2.0154860924599642,2.0154860924599696,0.0
9,7,-0.04932472083968938,1.6891613934538792,0.6666666666666666,5,1.7397516279748633,1.7397516279748437,0.045454545454545456
9,7,-0.3650695497578716,1.6612405503374217,0.4523809523809524,4,0.3016249593653235,0.30162495936528444,0.014285714285714285
9,7,-1.0848463433046331,2.1261113974835495,0.4523809523809524,5,1.5703758914913166,1.5703758914913273,0.04285714285714286
9,7,0.14947113790985897,2.0393898263933314,0.47619047619047616,5,2.6891998470743843,2.6891998470743843,0.06451612903225806
9,7,-1.1061102833250087,1.9885208299281167,0.3333333333333333,5,2.2170309914324076,2.217030991432395,0.015151515151515152
9,7,-0.6188025639893899,2.3261976648598455,0.30952380952380953,4,1.157962832130515,1.1579628321305258,0.01282051282051282
9,7,-0.7051833167422865,2.384756035945821,0.40476190476190477,5,1.6316102341174705,1.6316102341174599,0.02631578947368421
9,7,-0.1942700108011484,2.417622536572859,0.23809523809523808,4,1.3450466382943702,1.3450466382943276,0.02564102564102564
9,7,-0.5995804886798937,2.3865954356833945,0.19047619047619047,3,0.43932236387347245,0.43932236387351153,0.011904761904761904
9,7,-0.7083787063108872,2.642150215118093,0.2857142857142857,5,3.835394189515535,3.835394189515492,0.02857142857142857
9,7,-0.55829766335748,1.695746446106554,0.11904761904761904,3,0.7033746366789266,0.7033746366789231,0.010416666666666666
9,7,-1.6972640231469287e-17,2.3744193913666947,0.047619047619047616,2,0.0,0.0,0.0
9,7,-4.483962845196268e-16,2.2927187721435938,1.0,0,0.0,0.0,0.0
9,8,-1.4760489377810938e-15,2.17180423948228,0.0,0,0.0,0.0,0.0
9,8,-2.4971519347873634e-16,2.204652292853317,0.9574468085106383,2,0.0,0.0,0.0
9,8,-0.303784699854419,1.8839804950874817,0.8048780487804879,5,0.9000800458918121,0.9000800458917837,0.013071895424836602
9,8,-0.2847516379339978,1.7458464204212798,0.8837209302325582,4,0.5326852937939037,0.5326852937938646,0.0
9,8,-0.0006894324121989484,1.5031923223974295,0.6923076923076923,5,1.1987777467673535,1.1987777467673428,0.05128205128205128
9,8,0.11150655342795726,1.6296961187252532,0.7692307692307693,5,1.3065647450392195,1.3065647450392301,0.032
9,8,0.07871673230089987,2.133443516378884,0.7142857142857143,6,3.416750682575561,3.4167506825755396,0.025477707006369428
9,8,0.17215637424457939,2.0429361328370224,0.6428571428571429,6,1.928675762384941,1.9286757623849429,0.018518518518518517
9,8,0.5689183373842102,2.946029210136132,0.7142857142857143,6,1.6068549873019826,1.6068549873019897,0.05673758865248227
9,8,-1.017084783135617,2.0793873460182297,0.4888888888888889,5,1.0899640492082803,1.0899640492083158,0.024844720496894408
9,8,-0.36390182829486695,2.155981952860018,0.6666666666666666,4,2.183864199208621,2.1838641992086174,0.024242424242424242
9,8,-1.2811161209350062,1.6265000452678957,0.4878048780487805,4,1.077546421774361,1.077546421774361,0.026143790849673203
9,8,-0.15613103503838055,1.7022510291255282,0.5365853658536586,4,0.5169000197891727,0.5169000197892011,0.026845637583892617
9,8,-0.1456328333603103,1.6967383126659672,0.2631578947368421,5,1.0160364910632698,1.016036491063268,0.034482758620689655
9,8,-0.07718811585323575,1.286165104215813,0.2647058823529412,5,1.7341290783983059,1.7341290783983059,0.06
9,8,-0.15323258751801122,1.9720870886470359,0.2558139534883721,5,1.1131637227105387,1.1131637227105529,0.027586206896551724
9,8,-0.2058542995121284,1.7281521528361994,0.13953488372093023,5,1.2282260003677692,1.2282260003677763,0.025477707006369428
9,8,0.042238257101271444,1.7765791496403383,0.17073170731707318,4,3.1411697748670218,3.1411697748669596,0.027586206896551724
9,8,-1.469292933882099e-15,2.002026720994832,0.023255813953488372,1,0.0,0.0,0.0
9,8,-0.7213518958295652,2.5549500826725935,0.06666666666666667,2,0.2077134855861118,0.20771348558612956,0.0
9,8,-3.885028802602039e-17,1.7396362235274647,1.0,0,0.0,0.0,0.0
